{
  "IcoMoonType": "selection",
  "icons": [
    {
      "icon": {
        "paths": [
          "M804.571 420.571v109.714c0 30.286-24.571 54.857-54.857 54.857h-237.714v237.714c0 30.286-24.571 54.857-54.857 54.857h-109.714c-30.286 0-54.857-24.571-54.857-54.857v-237.714h-237.714c-30.286 0-54.857-24.571-54.857-54.857v-109.714c0-30.286 24.571-54.857 54.857-54.857h237.714v-237.714c0-30.286 24.571-54.857 54.857-54.857h109.714c30.286 0 54.857 24.571 54.857 54.857v237.714h237.714c30.286 0 54.857 24.571 54.857 54.857z"
        ],
        "width": 804.5714285714286,
        "attrs": [],
        "isMulticolor": false,
        "isMulticolor2": false,
        "tags": [
          "plus"
        ],
        "defaultCode": 61543,
        "grid": 14
      },
      "attrs": [],
      "properties": {
        "name": "plus",
        "id": 1,
        "order": 5,
        "prevSize": 28,
        "code": 61543
      },
      "setIdx": 0,
      "setId": 2,
      "iconIdx": 1
    },
    {
      "icon": {
        "paths": [
          "M804.571 420.571v109.714c0 30.286-24.571 54.857-54.857 54.857h-694.857c-30.286 0-54.857-24.571-54.857-54.857v-109.714c0-30.286 24.571-54.857 54.857-54.857h694.857c30.286 0 54.857 24.571 54.857 54.857z"
        ],
        "width": 804.5714285714286,
        "attrs": [],
        "isMulticolor": false,
        "isMulticolor2": false,
        "tags": [
          "minus"
        ],
        "defaultCode": 61544,
        "grid": 14
      },
      "attrs": [],
      "properties": {
        "name": "minus",
        "id": 3,
        "order": 6,
        "prevSize": 28,
        "code": 61544
      },
      "setIdx": 0,
      "setId": 2,
      "iconIdx": 3
    },
    {
      "icon": {
        "paths": [
          "M954.857 323.429c0 14.286-5.714 28.571-16 38.857l-491.429 491.429c-10.286 10.286-24.571 16-38.857 16s-28.571-5.714-38.857-16l-284.571-284.571c-10.286-10.286-16-24.571-16-38.857s5.714-28.571 16-38.857l77.714-77.714c10.286-10.286 24.571-16 38.857-16s28.571 5.714 38.857 16l168 168.571 374.857-375.429c10.286-10.286 24.571-16 38.857-16s28.571 5.714 38.857 16l77.714 77.714c10.286 10.286 16 24.571 16 38.857z"
        ],
        "width": 1024,
        "attrs": [],
        "isMulticolor": false,
        "isMulticolor2": false,
        "tags": [
          "check"
        ],
        "defaultCode": 61452,
        "grid": 14
      },
      "attrs": [],
      "properties": {
        "name": "check",
        "id": 16,
        "order": 30,
        "prevSize": 28,
        "code": 61452
      },
      "setIdx": 0,
      "setId": 2,
      "iconIdx": 16
    },
    {
      "icon": {
        "paths": [
          "M741.714 755.429c0 14.286-5.714 28.571-16 38.857l-77.714 77.714c-10.286 10.286-24.571 16-38.857 16s-28.571-5.714-38.857-16l-168-168-168 168c-10.286 10.286-24.571 16-38.857 16s-28.571-5.714-38.857-16l-77.714-77.714c-10.286-10.286-16-24.571-16-38.857s5.714-28.571 16-38.857l168-168-168-168c-10.286-10.286-16-24.571-16-38.857s5.714-28.571 16-38.857l77.714-77.714c10.286-10.286 24.571-16 38.857-16s28.571 5.714 38.857 16l168 168 168-168c10.286-10.286 24.571-16 38.857-16s28.571 5.714 38.857 16l77.714 77.714c10.286 10.286 16 24.571 16 38.857s-5.714 28.571-16 38.857l-168 168 168 168c10.286 10.286 16 24.571 16 38.857z"
        ],
        "width": 804.5714285714286,
        "attrs": [],
        "isMulticolor": false,
        "isMulticolor2": false,
        "tags": [
          "close",
          "remove",
          "times"
        ],
        "defaultCode": 61453,
        "grid": 14
      },
      "attrs": [],
      "properties": {
        "name": "close, remove, times",
        "id": 17,
        "order": 29,
        "prevSize": 28,
        "code": 61453
      },
      "setIdx": 0,
      "setId": 2,
      "iconIdx": 17
    },
    {
      "icon": {
        "paths": [
          "M877.714 146.286v256c0 20-16.571 36.571-36.571 36.571h-256c-14.857 0-28-9.143-33.714-22.857-5.714-13.143-2.857-29.143 8-39.429l78.857-78.857c-53.714-49.714-124.571-78.286-199.429-78.286-161.143 0-292.571 131.429-292.571 292.571s131.429 292.571 292.571 292.571c90.857 0 174.857-41.143 230.857-113.714 2.857-4 8-6.286 13.143-6.857 5.143 0 10.286 1.714 14.286 5.143l78.286 78.857c6.857 6.286 6.857 17.143 1.143 24.571-83.429 100.571-206.857 158.286-337.714 158.286-241.714 0-438.857-197.143-438.857-438.857s197.143-438.857 438.857-438.857c112.571 0 221.714 45.143 302.286 121.143l74.286-73.714c10.286-10.857 26.286-13.714 40-8 13.143 5.714 22.286 18.857 22.286 33.714z"
        ],
        "width": 877.7142857142857,
        "attrs": [],
        "isMulticolor": false,
        "isMulticolor2": false,
        "tags": [
          "repeat",
          "rotate-right"
        ],
        "defaultCode": 61470,
        "grid": 14
      },
      "attrs": [],
      "properties": {
        "name": "repeat, rotate-right",
        "id": 33,
        "order": 2,
        "prevSize": 28,
        "code": 61470
      },
      "setIdx": 0,
      "setId": 2,
      "iconIdx": 33
    },
    {
      "icon": {
        "paths": [
          "M414.286 319.429l-97.143 257.143c56.571 0.571 113.143 2.286 169.714 2.286 10.857 0 21.714-0.571 32.571-1.143-29.714-86.857-64.571-175.429-105.143-258.286zM0 950.857l1.143-45.143c53.714-16.571 112-5.143 136-66.857l135.429-352 160-413.714h73.143c2.286 4 4.571 8 6.286 12l117.143 274.286c42.857 101.143 82.286 203.429 125.714 304 25.714 59.429 45.714 120.571 74.286 178.857 4 9.143 12 26.286 20 32.571 18.857 14.857 71.429 18.286 98.286 28.571 1.714 10.857 3.429 21.714 3.429 32.571 0 5.143-0.571 9.714-0.571 14.857-72.571 0-145.143-9.143-217.714-9.143-74.857 0-149.714 6.286-224.571 8.571 0-14.857 0.571-29.714 2.286-44.571l74.857-16c15.429-3.429 45.714-7.429 45.714-28.571 0-20.571-73.714-190.286-82.857-213.714l-257.143-1.143c-14.857 33.143-72.571 182.857-72.571 204.571 0 44 84 45.714 116.571 50.286 0.571 10.857 0.571 21.714 0.571 33.143 0 5.143-0.571 10.286-1.143 15.429-66.286 0-133.143-11.429-199.429-11.429-8 0-19.429 3.429-27.429 4.571-36 6.286-71.429 8-107.429 8z"
        ],
        "width": 950.8571428571428,
        "attrs": [],
        "isMulticolor": false,
        "isMulticolor2": false,
        "tags": [
          "font"
        ],
        "defaultCode": 61489,
        "grid": 14
      },
      "attrs": [],
      "properties": {
        "name": "font",
        "id": 50,
        "order": 32,
        "prevSize": 28,
        "code": 61489
      },
      "setIdx": 0,
      "setId": 2,
      "iconIdx": 50
    },
    {
      "icon": {
        "paths": [
          "M1024 512c0 9.714-4 18.857-10.857 25.714l-146.286 146.286c-6.857 6.857-16 10.857-25.714 10.857-20 0-36.571-16.571-36.571-36.571v-73.143h-219.429v219.429h73.143c20 0 36.571 16.571 36.571 36.571 0 9.714-4 18.857-10.857 25.714l-146.286 146.286c-6.857 6.857-16 10.857-25.714 10.857s-18.857-4-25.714-10.857l-146.286-146.286c-6.857-6.857-10.857-16-10.857-25.714 0-20 16.571-36.571 36.571-36.571h73.143v-219.429h-219.429v73.143c0 20-16.571 36.571-36.571 36.571-9.714 0-18.857-4-25.714-10.857l-146.286-146.286c-6.857-6.857-10.857-16-10.857-25.714s4-18.857 10.857-25.714l146.286-146.286c6.857-6.857 16-10.857 25.714-10.857 20 0 36.571 16.571 36.571 36.571v73.143h219.429v-219.429h-73.143c-20 0-36.571-16.571-36.571-36.571 0-9.714 4-18.857 10.857-25.714l146.286-146.286c6.857-6.857 16-10.857 25.714-10.857s18.857 4 25.714 10.857l146.286 146.286c6.857 6.857 10.857 16 10.857 25.714 0 20-16.571 36.571-36.571 36.571h-73.143v219.429h219.429v-73.143c0-20 16.571-36.571 36.571-36.571 9.714 0 18.857 4 25.714 10.857l146.286 146.286c6.857 6.857 10.857 16 10.857 25.714z"
        ],
        "width": 1024,
        "attrs": [],
        "isMulticolor": false,
        "isMulticolor2": false,
        "tags": [
          "arrows"
        ],
        "defaultCode": 61511,
        "grid": 14
      },
      "attrs": [],
      "properties": {
        "name": "arrows",
        "id": 71,
        "order": 3,
        "prevSize": 28,
        "code": 61511
      },
      "setIdx": 0,
      "setId": 2,