{
  "IcoMoonType": "selection",
  "icons": [
    {
      "icon": {
        "paths": [
          "M804.571 420.571v109.714c0 30.286-24.571 54.857-54.857 54.857h-237.714v237.714c0 30.286-24.571 54.857-54.857 54.857h-109.714c-30.286 0-54.857-24.571-54.857-54.857v-237.714h-237.714c-30.286 0-54.857-24.571-54.857-54.857v-109.714c0-30.286 24.571-54.857 54.857-54.857h237.714v-237.714c0-30.286 24.571-54.857 54.857-54.857h109.714c30.286 0 54.857 24.571 54.857 54.857v237.714h237.714c30.286 0 54.857 24.571 54.857 54.857z"
        ],
        "width": 804.5714285714286,
        "attrs": [],
        "isMulticolor": false,
        "isMulticolor2": false,
        "tags": [
          "plus"
        ],
        "defaultCode": 61543,
        "grid": 14
      },
      "attrs": [],
      "properties": {
        "name": "plus",
        "id": 1,
        "order": 5,
        "prevSize": 28,
        "code": 61543
      },
      "setIdx": 0,
      "setId": 2,
      "iconIdx": 1
    },
    {
      "icon": {
        "paths": [
          "M804.571 420.571v109.714c0 30.286-24.571 54.857-54.857 54.857h-694.857c-30.286 0-54.857-24.571-54.857-54.857v-109.714c0-30.286 24.571-54.857 54.857-54.857h694.857c30.286 0 54.857 24.571 54.857 54.857z"
        ],
        "width": 804.5714285714286,
        "attrs": [],
        "isMulticolor": false,
        "isMulticolor2": false,
        "tags": [
          "minus"
        ],
        "defaultCode": 61544,
        "grid": 14
      },
      "attrs": [],
      "properties": {
        "name": "minus",
        "id": 3,
        "order": 6,
        "prevSize": 28,
        "code": 61544
      },
      "setIdx": 0,
      "setId": 2,
      "iconIdx": 3
    },
    {
      "icon": {
        "paths": [
          "M877.714 146.286v256c0 20-16.571 36.571-36.571 36.571h-256c-14.857 0-28-9.143-33.714-22.857-5.714-13.143-2.857-29.143 8-39.429l78.857-78.857c-53.714-49.714-124.571-78.286-199.429-78.286-161.143 0-292.571 131.429-292.571 292.571s131.429 292.571 292.571 292.571c90.857 0 174.857-41.143 230.857-113.714 2.857-4 8-6.286 13.143-6.857 5.143 0 10.286 1.714 14.286 5.143l78.286 78.857c6.857 6.286 6.857 17.143 1.143 24.571-83.429 100.571-206.857 158.286-337.714 158.286-241.714 0-438.857-197.143-438.857-438.857s197.143-438.857 438.857-438.857c112.571 0 221.714 45.143 302.286 121.143l74.286-73.714c10.286-10.857 26.286-13.714 40-8 13.143 5.714 22.286 18.857 22.286 33.714z"
        ],
        "width": 877.7142857142857,
        "attrs": [],
        "isMulticolor": false,
        "isMulticolor2": false,
        "tags": [
          "repeat",
          "rotate-right"
        ],
        "defaultCode": 61470,
        "grid": 14
      },
      "attrs": [],
      "properties": {
        "name": "repeat, rotate-right",
        "id": 33,
        "order": 2,
        "prevSize": 28,
        "code": 61470
      },
      "setIdx": 0,
      "setId": 2,
      "iconIdx": 33
    },
    {
      "icon": {
        "paths": [
          "M1024 512c0 9.714-4 18.857-10.857 25.714l-146.286 146.286c-6.857 6.857-16 10.857-25.714 10.857-20 0-36.571-16.571-36.571-36.571v-73.143h-219.429v219.429h73.143c20 0 36.571 16.571 36.571 36.571 0 9.714-4 18.857-10.857 25.714l-146.286 146.286c-6.857 6.857-16 10.857-25.714 10.857s-18.857-4-25.714-10.857l-146.286-146.286c-6.857-6.857-10.857-16-10.857-25.714 0-20 16.571-36.571 36.571-36.571h73.143v-219.429h-219.429v73.143c0 20-16.571 36.571-36.571 36.571-9.714 0-18.857-4-25.714-10.857l-146.286-146.286c-6.857-6.857-10.857-16-10.857-25.714s4-18.857 10.857-25.714l146.286-146.286c6.857-6.857 16-10.857 25.714-10.857 20 0 36.571 16.571 36.571 36.571v73.143h219.429v-219.429h-73.143c-20 0-36.571-16.571-36.571-36.571 0-9.714 4-18.857 10.857-25.714l146.286-146.286c6.857-6.857 16-10.857 25.714-10.857s18.857 4 25.714 10.857l146.286 146.286c6.857 6.857 10.857 16 10.857 25.714 0 20-16.571 36.571-36.571 36.571h-73.143v219.429h219.429v-73.143c0-20 16.571-36.571 36.571-36.571 9.714 0 18.857 4 25.714 10.857l146.286 146.286c6.857 6.857 10.857 16 10.857 25.714z"
        ],
        "width": 1024,
        "attrs": [],
        "isMulticolor": false,
        "isMulticolor2": false,
        "tags": [
          "arrows"
        ],
        "defaultCode": 61511,
        "grid": 14
      },
      "attrs": [],
      "properties": {
        "name": "arrows",
        "id": 71,
        "order": 3,
        "prevSize": 28,
        "code": 61511
      },
      "setIdx": 0,
      "setId": 2,
      "iconIdx": 71
    },
    {
      "icon": {
        "paths": [
          "M684 585.143h-62.286c-20 0-36.571-16.571-36.571-36.571v-73.143c0-20 16.571-36.571 36.571-36.571h62.286c-24.571-82.286-89.714-147.429-172-172v62.286c0 20-16.571 36.571-36.571 36.571h-73.143c-20 0-36.571-16.571-36.571-36.571v-62.286c-82.286 24.571-147.429 89.714-172 172h62.286c20 0 36.571 16.571 36.571 36.571v73.143c0 20-16.571 36.571-36.571 36.571h-62.286c24.571 82.286 89.714 147.429 172 172v-62.286c0-20 16.571-36.571 36.571-36.571h73.143c20 0 36.571 16.571 36.571 36.571v62.286c82.286-24.571 147.429-89.714 172-172zM877.714 475.429v73.143c0 20-16.571 36.571-36.571 36.571h-81.714c-28 122.857-124.571 219.429-247.429 247.429v81.714c0 20-16.571 36.571-36.571 36.571h-73.143c-20 0-36.571-16.571-36.571-36.571v-81.714c-122.857-28-219.429-124.571-247.429-247.429h-81.714c-20 0-36.571-16.571-36.571-36.571v-73.143c0-20 16.571-36.571 36.571-36.571h81.714c28-122.857 124.571-219.429 247.429-247.429v-81.714c0-20 16.571-36.571 36.571-36.571h73.143c20 0 36.571 16.571 36.571 36.571v81.714c122.857 28 219.429 124.571 247.429 247.429h81.714c20 0 36.571 16.571 36.571 36.571z"
        ],
        "width": 877.7142857142857,
        "attrs": [],
        "isMulticolor": false,
        "isMulticolor2": false,
        "tags": [
          "crosshairs"
        ],
        "defaultCode": 61531,
        "grid": 14
      },
      "attrs": [],
      "properties": {
        "name": "crosshairs",
        "id": 90,
        "order": 14,
        "prevSize": 28,
        "code": 61531
      },
      "setIdx": 0,
      "setId": 2,
      "iconIdx": 90
    },
    {
      "icon": {
        "paths": [
          "M431.429 603.429c0 4.571-2.286 9.714-5.714 13.143l-189.714 189.714 82.286 82.286c6.857 6.857 10.857 16 10.857 25.714 0 20-16.571 36.571-36.571 36.571h-256c-20 0-36.571-16.571-36.571-36.571v-256c0-20 16.571-36.571 36.571-36.571 9.714 0 18.857 4 25.714 10.857l82.286 82.286 189.714-189.714c3.429-3.429 8.571-5.714 13.143-5.714s9.714 2.286 13.143 5.714l65.143 65.143c3.429 3.429 5.714 8.571 5.714 13.143zM877.714 109.714v256c0 20-16.571 36.571-36.571 36.571-9.714 0-18.857-4-25.714-10.857l-82.286-82.286-189.714 189.714c-3.429 3.429-8.571 5.714-13.143 5.714s-9.714-2.286-13.143-5.714l-65.143-65.143c-3.429-3.429-5.714-8.571-5.714-13.143s2.286-9.714 5.714-13.143l189.714-189.714-82.286-82.286c-6.857-6.857-10.857-16-10.857-25.714 0-20 16.571-36.571 36.571-36.571h256c20 0 36.571 16.571 36.571 36.571z"
        ],
        "width": 877.7142857142857,
        "attrs": [],
        "isMulticolor": false,
        "isMulticolor2": false,
        "tags": [
          "expand"
        ],
        "defaultCode": 61541,
        "grid": 14
      },
      "attrs": [],
      "properties": {
        "name": "expand",
        "id": 99,
        "order": 9,
        "prevSize": 28,
        "code": 61541
      },
      "setIdx": 0,
      "setId": 2,
      "iconIdx": 99
    },
    {
      "icon": {
        "paths": [
          "M402.286 182.857c0 20-16.571 36.571-36.571 36.571h-73.143v585.143h73.143c20 0 36.571 16.571 36.571 36.571 0 9.714-4 18.857-10.857 25.714l-146.286 146.286c-6.857 6.857-16 10.857-25.714 10.857s-18.857-4-25.714-10.857l-146.286-146.286c-6.857-6.857-10.857-16-10.857-25.714 0-20 16.571-36.571 36.571-36.571h73.143v-585.143h-73.143c-20 0-36.571-16.571-36.571-36.571 0-9.714 4-18.857 10.857-25.714l146.286-146.286c6.857-6.857 16-10.857 25.714-10.857s18.857 4 25.714 10.857l146.286 146.286c6.857 6.857 10.857 16 10.857 25.714z"
        ],
        "width": 438.85714285714283,
        "attrs": [],